{
  "Dummy": {
    "accuracy": 0.7375,
    "f1_score": 0.4244604316546763,
    "roc_auc": 0.5
  },
  "Logistic_Regression": {
    "accuracy": 0.8119444444444445,
    "f1_score": 0.7205212212713485,
    "roc_auc": 0.7976914875596609
  },
  "Decision_Tree": {
    "accuracy": 0.8336111111111111,
    "f1_score": 0.7711274837109825,
    "roc_auc": 0.8373517073705398
  },
  "Random_Forest": {
    "accuracy": 0.8872222222222222,
    "f1_score": 0.8371654851434673,
    "roc_auc": 0.9246026763917536
  },
  "Gradient_Boosting": {
    "accuracy": 0.8941666666666667,
    "f1_score": 0.855796389043175,
    "roc_auc": 0.9254878984445839
  },
  "Stacking": {
    "accuracy": 0.8227777777777778,
    "f1_score": 0.7396757780144361,
    "roc_auc": 0.8202987275680308
  }
}